{
  "@@x-bundleName" : "app",
  "@@x-bundlePath" : "webApps/main/resources/strings/app/nls/app-strings",
  "app_title_navigation_drawer" : "Application Navigation Drawer",
  "@app_title_navigation_drawer" : {
    "description" : "Title for Application Navigation Drawer",
    "source_text" : "Application Navigation Drawer"
  },
  "app_footer_about_link" : "About",
  "@app_footer_about_link" : {
    "description" : "About link on shell footer",
    "source_text" : "About"
  },
  "app_footer_copyright" : "Created with Visual Builder, Copyright © 2022",
  "@app_footer_copyright" : {
    "description" : "Copyright text on shell footer",
    "source_text" : "Created with Visual Builder, Copyright © 2022"
  },
  "app_sign_out" : "Sign Out",
  "@app_sign_out" : {
    "description" : "Text on menu option to log out of the application",
    "source_text" : "Sign Out"
  },
  "titlemain_text" : "Advanced search",
  "@titlemain_text" : {
    "description" : "",
    "source_text" : "Advanced search"
  },
  "highlight_text_text" : "Tracking number",
  "@highlight_text_text" : {
    "description" : "",
    "source_text" : "Tracking number"
  },
  "highlight_text_text_40f7" : "Date of delivery",
  "@highlight_text_text_40f7" : {
    "description" : "",
    "source_text" : "Date of delivery"
  },
  "highlight_text_text_82d3" : "Start creation date",
  "@highlight_text_text_82d3" : {
    "description" : "",
    "source_text" : "Start creation date"
  },
  "highlight_text_text_258a" : "End creation date",
  "@highlight_text_text_258a" : {
    "description" : "",
    "source_text" : "End creation date"
  },
  "input_date_label_hint" : "",
  "@input_date_label_hint" : {
    "description" : "",
    "source_text" : ""
  },
  "button_label" : "Search",
  "@button_label" : {
    "description" : "",
    "source_text" : "Search"
  },
  "button_label_22bc" : "Clean",
  "@button_label_22bc" : {
    "description" : "",
    "source_text" : "Clean"
  },
  "panel1_NumTracking" : "Number of tracking",
  "@panel1_NumTracking" : {
    "description" : "",
    "source_text" : "Number of tracking"
  },
  "panel1_State" : "State",
  "@panel1_State" : {
    "description" : "",
    "source_text" : "State"
  },
  "panel1_btn_save" : "Save",
  "@panel1_btn_save" : {
    "description" : "",
    "source_text" : "Save"
  },
  "button_label_e4d1" : "Save and create new",
  "@button_label_e4d1" : {
    "description" : "",
    "source_text" : "Save and create new"
  },
  "input_text_label_hint" : "",
  "@input_text_label_hint" : {
    "description" : "",
    "source_text" : ""
  },
  "button_label_d28a" : "History",
  "@button_label_d28a" : {
    "description" : "",
    "source_text" : "History"
  },
  "highlight_text_text_8c21" : "Validator",
  "@highlight_text_text_8c21" : {
    "description" : "",
    "source_text" : "Validator"
  },
  "highlight_text_text_eab0" : "Date of delivery",
  "@highlight_text_text_eab0" : {
    "description" : "",
    "source_text" : "Date of delivery"
  },
  "input_date_time_label_hint" : "",
  "@input_date_time_label_hint" : {
    "description" : "",
    "source_text" : ""
  },
  "highlight_text_text_b5ba" : "Attachments",
  "@highlight_text_text_b5ba" : {
    "description" : "",
    "source_text" : "Attachments"
  },
  "highlight_text_text_3d52" : "Description",
  "@highlight_text_text_3d52" : {
    "description" : "",
    "source_text" : "Description"
  },
  "text_area_placeholder" : "5000 Characters",
  "@text_area_placeholder" : {
    "description" : "",
    "source_text" : "5000 Characters"
  },
  "highlight_text_text_cedf" : "Creation date",
  "@highlight_text_text_cedf" : {
    "description" : "",
    "source_text" : "Creation date"
  },
  "highlight_text_text_884c" : "Created by",
  "@highlight_text_text_884c" : {
    "description" : "",
    "source_text" : "Created by"
  },
  "highlight_text_text_312f" : "Last update date",
  "@highlight_text_text_312f" : {
    "description" : "",
    "source_text" : "Last update date"
  },
  "highlight_text_text_effe" : "Update by",
  "@highlight_text_text_effe" : {
    "description" : "",
    "source_text" : "Update by"
  },
  "input_text_label_hint_95ed" : "",
  "@input_text_label_hint_95ed" : {
    "description" : "",
    "source_text" : ""
  },
  "dialog_dialog_title" : "Attachments",
  "@dialog_dialog_title" : {
    "description" : "",
    "source_text" : "Attachments"
  },
  "button__text" : "Accept",
  "@button__text" : {
    "description" : "",
    "source_text" : "Accept"
  },
  "BtnAddAttachFile__text" : "Upload file",
  "@BtnAddAttachFile__text" : {
    "description" : "",
    "source_text" : "Upload file"
  },
  "panel1_att_title" : "Name",
  "@panel1_att_title" : {
    "description" : "",
    "source_text" : "Name"
  },
  "input_text_label_hint_7113" : "",
  "@input_text_label_hint_7113" : {
    "description" : "",
    "source_text" : ""
  },
  "button_label_fc73" : "Add",
  "@button_label_fc73" : {
    "description" : "",
    "source_text" : "Add"
  },
  "dialog_history_dialog_title" : "Change history",
  "@dialog_history_dialog_title" : {
    "description" : "",
    "source_text" : "Change history"
  },
  "input_text_placeholder" : "TRACKING - ",
  "@input_text_placeholder" : {
    "description" : "",
    "source_text" : "TRACKING - "
  },
  "table_columns_header_text" : "Tracking",
  "@table_columns_header_text" : {
    "description" : "",
    "source_text" : "Tracking"
  },
  "input_text_placeholder_4255" : "100 characters",
  "@input_text_placeholder_4255" : {
    "description" : "",
    "source_text" : "100 characters"
  },
  "table_columns_header_text_48f9" : "Name",
  "@table_columns_header_text_48f9" : {
    "description" : "",
    "source_text" : "Name"
  },
  "table_columns_header_text_7109" : "Created by",
  "@table_columns_header_text_7109" : {
    "description" : "",
    "source_text" : "Created by"
  },
  "table_columns_header_text_7e8f" : "Creation date",
  "@table_columns_header_text_7e8f" : {
    "description" : "",
    "source_text" : "Creation date"
  },
  "table_columns_header_text_6a5c" : "Operations",
  "@table_columns_header_text_6a5c" : {
    "description" : "",
    "source_text" : "Operations"
  },
  "table_columns_header_text_f72b" : "Field",
  "@table_columns_header_text_f72b" : {
    "description" : "",
    "source_text" : "Field"
  },
  "table_columns_header_text_1d7e" : "Previous value",
  "@table_columns_header_text_1d7e" : {
    "description" : "",
    "source_text" : "Previous value"
  },
  "table_columns_header_text_4b92" : "New value",
  "@table_columns_header_text_4b92" : {
    "description" : "",
    "source_text" : "New value"
  },
  "table_columns_header_text_3ed3" : "Modified by",
  "@table_columns_header_text_3ed3" : {
    "description" : "",
    "source_text" : "Modified by"
  },
  "table_columns_header_text_a1ed" : "Modification date",
  "@table_columns_header_text_a1ed" : {
    "description" : "",
    "source_text" : "Modification date"
  },
  "dialog_load_dialog_title" : "Running...",
  "@dialog_load_dialog_title" : {
    "description" : "",
    "source_text" : "Running..."
  },
  "fireNotification_summary" : "Add an input parameter",
  "@fireNotification_summary" : {
    "description" : "",
    "source_text" : "Add an input parameter"
  },
  "fireNotification3_summary" : "No records",
  "@fireNotification3_summary" : {
    "description" : "",
    "source_text" : "No records"
  },
  "fireNotification_summary_c5d2" : "Complete the fields correctly",
  "@fireNotification_summary_c5d2" : {
    "description" : "",
    "source_text" : "Complete the fields correctly"
  },
  "fireNotification2_summary" : "Submitted successfully",
  "@fireNotification2_summary" : {
    "description" : "",
    "source_text" : "Submitted successfully"
  },
  "fireNotification_summary_7536" : "Select a file",
  "@fireNotification_summary_7536" : {
    "description" : "",
    "source_text" : "Select a file"
  },
  "fireNotification_summary_723c" : "Download error",
  "@fireNotification_summary_723c" : {
    "description" : "",
    "source_text" : "Download error"
  },
  "fireNotification2_summary_5b75" : "The maximum size is 5 MB",
  "@fireNotification2_summary_5b75" : {
    "description" : "",
    "source_text" : "The maximum size is 5 MB"
  },
  "fireNotification2_summary_ce39" : "Downloading file ",
  "@fireNotification2_summary_ce39" : {
    "description" : "",
    "source_text" : "Downloading file "
  },
  "button_label_5049" : "Search",
  "@button_label_5049" : {
    "description" : "",
    "source_text" : "Search"
  },
  "dialog_dialog_title_b834" : "Search",
  "@dialog_dialog_title_b834" : {
    "description" : "",
    "source_text" : "Search"
  },
  "fireNotification_summary_d5fe" : "Enter a tracking number",
  "@fireNotification_summary_d5fe" : {
    "description" : "",
    "source_text" : "Enter a tracking number"
  },
  "button_label_9a09" : "Cancel",
  "@button_label_9a09" : {
    "description" : "",
    "source_text" : "Cancel"
  },
  "fireNotification2_summary_0035" : "Downloading...",
  "@fireNotification2_summary_0035" : {
    "description" : "",
    "source_text" : "Downloading..."
  }
}