{
    "openapi": "3.0.0",
    "info": {
        "title": "Tracks",
        "version": "1.0.0"
    },
    "servers": [
        {
            "url": "vb-catalog://backends/SERVER_XXITG_JHM",
            "description": "SERVER XXITG JHM"
        }
    ],
    "paths": {
        "/ITG_01/1.0/tracking/lov": {
            "get": {
                "operationId": "GetLovTracks",
                "responses": {
                    "default": {
                        "description": "Default response",
                        "content": {
                            "application/json": {
                                "schema": {
                                    "$ref": "#/components/schemas/GetITG_01_1_0TrackingLov"
                                },
                                "examples": {
                                    "vb": {
                                        "externalValue": "./examples/getITG_01_1_0TrackingLov/response_default_application_json_vb.json"
                                    }
                                }
                            }
                        }
                    }
                },
                "x-vb": {
                    "actionHint": "getMany"
                }
            }
        },
        "/ITG_01/1.0/tracking/create": {
            "post": {
                "operationId": "CreateTrack",
                "requestBody": {
                    "content": {
                        "application/json": {
                            "schema": {
                                "$ref": "#/components/schemas/PostITG_01_1_0TrackingCreateRequest"
                            },
                            "examples": {
                                "vb": {
                                    "externalValue": "./examples/CreateTrack/request_application_json_vb.json"
                                }
                            }
                        }
                    }
                },
                "responses": {
                    "default": {
                        "description": "Default response",
                        "content": {
                            "application/json": {
                                "schema": {
                                    "$ref": "#/components/schemas/PostITG_01_1_0TrackingCreateResponse"
                                },
                                "examples": {
                                    "vb": {
                                        "externalValue": "./examples/CreateTrack/response_default_application_json_vb.json"
                                    }
                                }
                            }
                        }
                    }
                },
                "x-vb": {
                    "actionHint": "create"
                }
            }
        },
        "/ITG_01/1.0/tracking/get": {
            "get": {
                "operationId": "GetSearchTrack",
                "parameters": [
                    {
                        "name": "track",
                        "in": "query",
                        "schema": {
                            "type": "string"
                        }
                    },
                    {
                        "name": "date",
                        "in": "query",
                        "schema": {
                            "type": "string"
                        }
                    },
                    {
                        "name": "endDate",
                        "in": "query",
                        "schema": {
                            "type": "string"
                        }
                    },
                    {
                        "name": "startDate",
                        "in": "query",
                        "schema": {
                            "type": "string"
                        }
                    }
                ],
                "responses": {
                    "default": {
                        "description": "Default response",
                        "content": {
                            "application/json": {
                                "schema": {
                                    "$ref": "#/components/schemas/GetITG_01_1_0TrackingGet"
                                },
                                "examples": {
                                    "vb": {
                                        "externalValue": "./examples/GetSearchTrack/response_default_application_json_vb.json"
                                    }
                                }
                            }
                        }
                    }
                },
                "x-vb": {
                    "actionHint": "getMany",
                    "queryParameters": {}
                }
            }
        },
        "/ITG_01/1.0/tracking/find/{id}": {
            "parameters": [
                {
                    "name": "id",
                    "in": "path",
                    "required": true,
                    "schema": {
                        "type": "string"
                    }
                }
            ],
            "get": {
                "operationId": "FindOneTrack",
                "responses": {
                    "default": {
                        "description": "Default response",
                        "content": {
                            "application/json": {
                                "schema": {
                                    "$ref": "#/components/schemas/GetITG_01_1_0TrackingFindId"
                                },
                                "examples": {
                                    "vb": {
                                        "externalValue": "./examples/FindOneTrack/response_default_application_json_vb.json"
                                    }
                                }
                            }
                        }
                    }
                },
                "x-vb": {
                    "actionHint": "getMany"
                }
            }
        }
    },
    "components": {
        "schemas": {
            "GetITG_01_1_0TrackingLov": {
                "type": "array",
                "items": {
                    "type": "object",
                    "properties": {
                        "Trackin": {
                            "type": "string"
                        }
                    }
                }
            },
            "PostITG_01_1_0TrackingCreateRequest": {
                "type": "object",
                "properties": {
                    "Trackin": {
                        "type": "string"
                    },
                    "IdTracking": {
                        "type": "integer"
                    },
                    "Description": {
                        "type": "string"
                    },
                    "Validator": {
                        "type": "string"
                    },
                    "FechaEntrega": {
                        "type": "string"
                    },
                    "Status": {
                        "type": "string"
                    },
                    "UserEmail": {
                        "type": "string"
                    },
                    "CreateDate": {
                        "type": "integer"
                    },
                    "CreateBy": {
                        "type": "string"
                    },
                    "LastUpdateDate": {
                        "type": "integer"
                    },
                    "LastUpdateBy": {
                        "type": "string"
                    }
                }
            },
            "PostITG_01_1_0TrackingCreateResponse": {
                "type": "object",
                "properties": {
                    "id": {
                        "type": "integer"
                    },
                    "tracking": {
                        "type": "string"
                    },
                    "error": {
                        "type": "boolean"
                    },
                    "msg": {
                        "type": "string"
                    }
                }
            },
            "GetITG_01_1_0TrackingGet": {
                "type": "array",
                "items": {
                    "type": "object",
                    "properties": {
                        "Trackin": {
                            "type": "string"
                        },
                        "IdTracking": {
                            "type": "integer"
                        },
                        "Description": {
                            "type": "string"
                        },
                        "Validator": {
                            "type": "string"
                        },
                        "FechaEntrega": {
                            "type": "string"
                        },
                        "Status": {
                            "type": "string"
                        },
                        "UserEmail": {
                            "type": "string"
                        },
                        "CreateDate": {
                            "type": "integer"
                        },
                        "CreateBy": {
                            "type": "string"
                        },
                        "LastUpdateDate": {
                            "type": "integer"
                        },
                        "LastUpdateBy": {
                            "type": "string"
                        },
                        "Files": {
                            "type": "array",
                            "items": {
                                "type": "object",
                                "properties": {
                                    "IdAttachment": {
                                        "type": "integer"
                                    },
                                    "FileName": {
                                        "type": "string"
                                    },
                                    "FileExt": {
                                        "type": "string"
                                    },
                                    "FileHash": {
                                        "type": "string"
                                    },
                                    "Description": {
                                        "type": "string"
                                    },
                                    "IdTracking": {
                                        "type": "integer"
                                    },
                                    "CreateDate": {
                                        "type": "integer"
                                    },
                                    "CreateBy": {
                                        "type": "string"
                                    },
                                    "LastUpdateDate": {
                                        "type": "integer"
                                    },
                                    "LastUpdateBy": {
                                        "type": "string"
                                    }
                                }
                            }
                        }
                    }
                }
            },
            "GetITG_01_1_0TrackingFindId": {
                "type": "object",
                "properties": {
                    "Trackin": {
                        "type": "string"
                    },
                    "IdTracking": {
                        "type": "integer"
                    },
                    "Description": {
                        "type": "string"
                    },
                    "Validator": {
                        "type": "string"
                    },
                    "FechaEntrega": {
                        "type": "string"
                    },
                    "Status": {
                        "type": "string"
                    },
                    "UserEmail": {
                        "type": "string"
                    },
                    "CreateDate": {
                        "type": "integer"
                    },
                    "CreateBy": {
                        "type": "string"
                    },
                    "LastUpdateDate": {
                        "type": "integer"
                    },
                    "LastUpdateBy": {
                        "type": "string"
                    },
                    "Files": {
                        "type": "array",
                        "items": {
                            "type": "object",
                            "properties": {
                                "IdAttachment": {
                                    "type": "integer"
                                },
                                "FileName": {
                                    "type": "string"
                                },
                                "FileExt": {
                                    "type": "string"
                                },
                                "FileHash": {
                                    "type": "string"
                                },
                                "Description": {
                                    "type": "string"
                                },
                                "IdTracking": {
                                    "type": "integer"
                                },
                                "CreateDate": {
                                    "type": "integer"
                                },
                                "CreateBy": {
                                    "type": "string"
                                },
                                "LastUpdateDate": {
                                    "type": "integer"
                                },
                                "LastUpdateBy": {
                                    "type": "string"
                                }
                            }
                        }
                    }
                }
            }
        }
    }
}