 {
        "Trackin": "",
        "IdTracking": 0,
        "Description": "",
        "Validator": "",
        "FechaEntrega": "",
        "Status": "",
        "UserEmail": "",
        "CreateDate": 245657654356,
        "CreateBy": "",
        "LastUpdateDate": 2345675435,
        "LastUpdateBy": "",
        "Files": [
            {
                "IdAttachment": 0,
                "FileName": "",
                "FileExt": "",
                "FileHash": "",
                "Description": "",
                "IdTracking": 0,
                "CreateDate": 456786543567,
                "CreateBy": "",
                "LastUpdateDate": 4356765435,
                "LastUpdateBy": ""
            },
            {
                "IdAttachment": 0,
                "FileName": "",
                "FileExt": "",
                "FileHash": "",
                "Description": "",
                "IdTracking": 0,
                "CreateDate": 456786543567,
                "CreateBy": "",
                "LastUpdateDate": 4356765435,
                "LastUpdateBy": ""
            }
        ]
    }