{
    "openapi": "3.0.0",
    "info": {
        "title": "searchTrack",
        "version": "1.0.0"
    },
    "servers": [
        {
            "url": "vb-catalog://backends/SERVER_XXITG_JHM",
            "description": "SERVER XXITG JHM"
        }
    ],
    "paths": {
        "/XXITG_05/1.0/search/tracks/{param}": {
            "parameters": [
                {
                    "name": "param",
                    "in": "path",
                    "required": true,
                    "schema": {
                        "type": "string"
                    }
                }
            ],
            "get": {
                "operationId": "getTrackSearch",
                "responses": {
                    "default": {
                        "description": "Default response",
                        "content": {
                            "application/json": {
                                "schema": {
                                    "$ref": "#/components/schemas/GetXXITG_05_1_0SearchTracksParam"
                                },
                                "examples": {
                                    "vb": {
                                        "externalValue": "./examples/getTrackSearch/response_default_application_json_vb.json"
                                    }
                                }
                            }
                        }
                    }
                },
                "x-vb": {
                    "actionHint": "getMany"
                }
            }
        }
    },
    "components": {
        "schemas": {
            "GetXXITG_05_1_0SearchTracksParam": {
                "type": "array",
                "items": {
                    "type": "object",
                    "properties": {
                        "Trackin": {
                            "type": "string"
                        }
                    }
                }
            }
        }
    }
}