{
    "openapi": "3.0.0",
    "info": {
        "title": "Auth",
        "version": "1.0.0"
    },
    "servers": [
        {
            "url": "vb-catalog://backends/SERVER_XXITG_JHM",
            "description": "SERVER XXITG JHM"
        }
    ],
    "paths": {
        "/XXITG_06/1.0/auth/{user}/{token}": {
            "parameters": [
                {
                    "name": "user",
                    "in": "path",
                    "required": true,
                    "schema": {
                        "type": "string"
                    }
                },
                {
                    "name": "token",
                    "in": "path",
                    "required": true,
                    "schema": {
                        "type": "string"
                    }
                }
            ],
            "get": {
                "operationId": "getXXITG_06_1_0AuthUserToken",
                "responses": {
                    "default": {
                        "description": "Response for default",
                        "content": {
                            "application/json": {
                                "schema": {
                                    "$ref": "#/components/schemas/GetXXITG_06_1_0AuthUserToken"
                                },
                                "examples": {
                                    "vb": {
                                        "summary": "Example stored by VB User",
                                        "externalValue": "./examples/getXXITG_06_1_0AuthUserToken/response_default_application_json_vb.json"
                                    }
                                }
                            }
                        }
                    }
                },
                "x-vb": {
                    "actionHint": "getOne"
                }
            }
        }
    },
    "components": {
        "schemas": {
            "GetXXITG_06_1_0AuthUserToken": {
                "type": "object",
                "properties": {
                    "error": {
                        "type": "boolean"
                    },
                    "msg": {
                        "type": "string"
                    }
                }
            }
        }
    }
}