{
    "openapi": "3.0.0",
    "info": {
        "title": "Attach",
        "version": "1.0.0"
    },
    "servers": [
        {
            "url": "vb-catalog://backends/SERVER_XXITG_JHM",
            "description": "SERVER XXITG JHM"
        }
    ],
    "paths": {
        "/VB_ATTACH_DB/1.0/files/uploas/{user}": {
            "parameters": [
                {
                    "name": "user",
                    "in": "path",
                    "required": true,
                    "schema": {
                        "type": "string"
                    }
                }
            ],
            "post": {
                "operationId": "UploadFile",
                "parameters": [
                    {
                        "name": "idTrack",
                        "in": "query",
                        "schema": {
                            "type": "string"
                        }
                    },
                    {
                        "name": "filename",
                        "in": "query",
                        "schema": {
                            "type": "string"
                        }
                    },
                    {
                        "name": "ext",
                        "in": "query",
                        "schema": {
                            "type": "string"
                        }
                    }
                ],
                "requestBody": {
                    "content": {
                        "multipart/form-data": {
                            "schema": {
                                "$ref": "#/components/schemas/PostVB_ATTACH_DB1_0FilesUploasUserRequest"
                            }
                        }
                    }
                },
                "responses": {
                    "default": {
                        "description": "Default response",
                        "content": {
                            "application/json": {
                                "schema": {
                                    "$ref": "#/components/schemas/PostVB_ATTACH_DB1_0FilesUploasUserResponse"
                                },
                                "examples": {
                                    "vb": {
                                        "externalValue": "./examples/UploadFile/response_default_application_json_vb.json"
                                    }
                                }
                            }
                        }
                    }
                },
                "x-vb": {
                    "actionHint": "create",
                    "queryParameters": {}
                }
            }
        },
        "/VB_ATTACH_DB/1.0/files/delete/{user}": {
            "parameters": [
                {
                    "name": "user",
                    "in": "path",
                    "required": true,
                    "schema": {
                        "type": "string"
                    }
                }
            ],
            "post": {
                "operationId": "DeleteFiles",
                "requestBody": {
                    "content": {
                        "application/json": {
                            "schema": {
                                "$ref": "#/components/schemas/PostVB_ATTACH_DB1_0FilesDeleteUserRequest"
                            },
                            "examples": {
                                "vb": {
                                    "externalValue": "./examples/DeleteFiles/request_application_json_vb.json"
                                }
                            }
                        }
                    }
                },
                "responses": {
                    "default": {
                        "description": "Default response",
                        "content": {
                            "application/json": {
                                "schema": {
                                    "$ref": "#/components/schemas/PostVB_ATTACH_DB1_0FilesDeleteUserResponse"
                                },
                                "examples": {
                                    "vb": {
                                        "externalValue": "./examples/DeleteFiles/response_default_application_json_vb.json"
                                    }
                                }
                            }
                        }
                    }
                },
                "x-vb": {
                    "actionHint": "delete"
                }
            }
        },
        "/VB_ATTACH_DB/1.0/files/download/{id}/{hash}": {
            "parameters": [
                {
                    "name": "id",
                    "in": "path",
                    "required": true,
                    "schema": {
                        "type": "string"
                    }
                },
                {
                    "name": "hash",
                    "in": "path",
                    "required": true,
                    "schema": {
                        "type": "string"
                    }
                }
            ],
            "get": {
                "operationId": "DownloadFile",
                "responses": {
                    "default": {
                        "description": "Default response",
                        "content": {
                            "application/octet-stream": {}
                        }
                    }
                },
                "x-vb": {
                    "actionHint": "getOne"
                }
            }
        }
    },
    "components": {
        "schemas": {
            "PostVB_ATTACH_DB1_0FilesUploasUserRequest": {
                "type": "object",
                "properties": {
                    "files": {
                        "type": "string",
                        "format": "binary"
                    }
                }
            },
            "PostVB_ATTACH_DB1_0FilesUploasUserResponse": {
                "type": "object",
                "properties": {
                    "msg": {
                        "type": "string"
                    },
                    "error": {
                        "type": "boolean"
                    }
                }
            },
            "PostVB_ATTACH_DB1_0FilesDeleteUserResponse": {
                "type": "object",
                "properties": {
                    "error": {
                        "type": "boolean"
                    },
                    "msg": {
                        "type": "string"
                    }
                }
            },
            "PostVB_ATTACH_DB1_0FilesDeleteUserRequest": {
                "type": "object",
                "properties": {
                    "Files": {
                        "type": "array",
                        "items": {
                            "type": "object",
                            "properties": {
                                "IdAttach": {
                                    "type": "integer"
                                },
                                "FileHas": {
                                    "type": "string"
                                },
                                "FileExt": {
                                    "type": "string"
                                },
                                "FileName": {
                                    "type": "string"
                                },
                                "IdTrack": {
                                    "type": "integer"
                                }
                            }
                        }
                    }
                }
            }
        }
    }
}