{
    "backends": {
        "SERVER_XXITG_JHM": {
            "description": "SERVER_XXITG_JHM",
            "servers": [
                {
                    "url": "https://oic99234617-ocuocictrng30-ld.integration.ocp.oraclecloud.com/ic/api/integration/v1/flows/rest",
                    "description": "Default Server",
                    "x-vb": {
                        "authentication": {
                            "authenticated": {
                                "type": "basic",
                                "credentials": "vb_cedb3e4b-f3b6-43b9-8140-961def7e8024"
                            },
                            "anonymous": {
                                "type": "basic",
                                "credentials": "vb_05dcc36e-4093-4cfa-9133-986c9a194a9a"
                            }
                        },
                        "anonymousAccess": true
                    }
                }
            ]
        },
        "vbprocess": {
            "serviceType": "vbprocess",
            "servers": [
                {
                    "url": "vb-catalog://backends.tenant/vbprocess",
                    "description": "Player Target Server",
                    "x-vb": {
                        "headers": {
                            "pcs_mode": "dev"
                        }
                    }
                },
                {
                    "url": "vb-catalog://backends.tenant/vbprocess",
                    "description": "Default Target Server",
                    "x-vb": {}
                }
            ]
        }
      }
}