{
    "backends": {
        "SERVER_XXITG_JHM": {
            "description": "SERVER_XXITG_JHM",
            "servers": [
                {
                    "url": "https://oic99234159-ocuocictrng30-ld.integration.ocp.oraclecloud.com/ic/api/integration/v1/flows/rest",
                    "description": "Default Server",
                    "x-vb": {
                        "authentication": {
                            "authenticated": {
                                "type": "basic",
                                "credentials": "vb_29573391-f717-45e6-aaec-35f051729585"
                            },
                            "anonymous": {
                                "type": "basic",
                                "credentials": "vb_73ff9a01-252d-4d68-9e35-fd98bee5e862"
                            }
                        },
                        "anonymousAccess": true
                    }
                }
            ]
        },
        "vbprocess": {
            "serviceType": "vbprocess",
            "servers": [
                {
                    "url": "vb-catalog://backends.tenant/vbprocess",
                    "description": "Player Target Server",
                    "x-vb": {
                        "headers": {
                            "pcs_mode": "dev"
                        }
                    }
                },
                {
                    "url": "vb-catalog://backends.tenant/vbprocess",
                    "description": "Default Target Server",
                    "x-vb": {}
                }
            ]
        }
      }
}