{
  "root": "callFunctionParseJwt",
  "description": "",
  "actions": {

    "if": {
      "module": "vb/action/builtin/ifAction",
      "parameters": {
        "condition": "[[ !$chain.results.callFunctionParseJwt.error ]]"
      },
      "outcomes": {
        "true": "callRestGetXXITG61AuthUserToken",
        "false": "navigateToMain401"
      }
    },
    "navigateToMainStart": {
      "module": "vb/action/builtin/navigateAction",
      "parameters": {
        "page": "/shell/main/main-start",
        "params": {

          "jwt": "{{ $page.variables.jwt }}",
          "user": "{{ $page.variables.user }}",
          "email": "{{ $chain.results.callRestGetXXITG61AuthUserToken.body.msg }}"
        }
      }
    },
    "navigateToMain401": {
      "module": "vb/action/builtin/navigateAction",
      "parameters": {
        "page": "/shell/main/main-401"
      }
    },
    "callFunctionParseJwt": {
      "module": "vb/action/builtin/callModuleFunctionAction",
      "parameters": {
        "module": "[[ $functions ]]",
        "functionName": "parseJwt",
        "params": [
          "{{ $page.variables.jwt }}"
        ],
        "returnType": "token"
      },
      "outcomes": {
        "success": "if"
      }
    },
    "callRestGetXXITG61AuthUserToken": {
      "module": "vb/action/builtin/restAction",
      "parameters": {
        "endpoint": "Auth/getXXITG_06_1_0AuthUserToken",
        "uriParams": {
          "user": "{{ $page.variables.user }}",
          "token": "{{ $page.variables.jwt }}"
        }
      },
      "outcomes": {
        "success": "navigateToMainStart"
      }
    }
  }
}