{
  "root": "switchBrowser",
  "description": "",
  "actions": {
    "switchBrowser": {
      "module": "vb/action/builtin/switchAction",
      "parameters": {
        "caseValue": "[[ $application.variables.browser ]]",
        "possibleValues": [
          "es",
          "en"
        ]
      },
      "outcomes": {
        "es": "callFunctionSetAppLanguage2",
        "en": "callFunctionSetAppLanguage"
      }
    },
    "callFunctionSetAppLanguage": {
      "module": "vb/action/builtin/callModuleFunctionAction",
      "parameters": {
        "module": "[[ $functions ]]",
        "functionName": "setAppLanguage",
        "params": [
          "{{ \"en\" }}"
        ]
      }
    },
    "callFunctionSetAppLanguage2": {
      "module": "vb/action/builtin/callModuleFunctionAction",
      "parameters": {
        "module": "[[ $functions ]]",
        "functionName": "setAppLanguage",
        "params": [
          "{{ \"root\" }}"
        ]
      }
    }
  }
}