{
  "root": "ifLang",
  "description": "",
  "actions": {

    "callFunctionSetAppLanguage": {
      "module": "vb/action/builtin/callModuleFunctionAction",
      "parameters": {
        "module": "[[ $functions ]]",
        "functionName": "setAppLanguage",
        "params": [
          "{{ \"en\" }}"
        ]
      }
    },
    "callFunctionSetAppLanguage2": {
      "module": "vb/action/builtin/callModuleFunctionAction",
      "parameters": {
        "module": "[[ $functions ]]",
        "functionName": "setAppLanguage",
        "params": [
          "{{ \"root\" }}"
        ]
      }
    },
    "switchLang": {
      "module": "vb/action/builtin/switchAction",
      "parameters": {
        "caseValue": "[[ $page.variables.lang ]]",
        "possibleValues": [
          "es",
          "en"
        ]
      },
      "outcomes": {
        "es": "callFunctionSetAppLanguage2",
        "en": "callFunctionSetAppLanguage"
      }
    },
    "ifLang": {
      "module": "vb/action/builtin/ifAction",
      "parameters": {
        "condition": "[[ $page.variables.lang != $functions.getLangStor() ]]"
      },
      "outcomes": {
        "true": "switchLang"
      }
    }
  }
}