{
  "app_title_navigation_drawer": "Application Navigation Drawer",
  "@app_title_navigation_drawer": {
    "description": "Title for Application Navigation Drawer"
  },
  "app_footer_about_link": "About",
  "@app_footer_about_link": {
    "description": "About link on shell footer"
  },
  "app_footer_copyright": "Created with Visual Builder, Copyright © 2022",
  "@app_footer_copyright": {
    "description": "Copyright text on shell footer"
  },
  "app_sign_out": "Sign Out",
  "@app_sign_out": {
    "description": "Text on menu option to log out of the application"
  },
  "titlemain_text": "Búsqueda Avanzada",
  "@titlemain_text": {
    "description": ""
  },
  "highlight_text_text": "Numero Tracking",
  "@highlight_text_text": {
    "description": ""
  },
  "highlight_text_text_40f7": "Fecha de entrega",
  "@highlight_text_text_40f7": {
    "description": ""
  },
  "highlight_text_text_82d3": "Fecha creación inicio",
  "@highlight_text_text_82d3": {
    "description": ""
  },
  "highlight_text_text_258a": "Fecha creación final",
  "@highlight_text_text_258a": {
    "description": ""
  },
  "input_date_label_hint": "",
  "@input_date_label_hint": {
    "description": ""
  },
  "button_label": "Buscar",
  "@button_label": {
    "description": ""
  },
  "button_label_22bc": "Limpiar",
  "@button_label_22bc": {
    "description": ""
  },
  "panel1_NumTracking": "Numero de tracking",
  "@panel1_NumTracking": {
    "description": ""
  },
  "panel1_State": "Estado",
  "@panel1_State": {
    "description": ""
  },
  "panel1_btn_save": "Guardar",
  "@panel1_btn_save": {
    "description": ""
  },
  "button_label_e4d1": "Guardar y crear nuevo",
  "@button_label_e4d1": {
    "description": ""
  },
  "input_text_label_hint": "",
  "@input_text_label_hint": {
    "description": ""
  },
  "button_label_d28a": "Historial",
  "@button_label_d28a": {
    "description": ""
  },
  "highlight_text_text_8c21": "Validador",
  "@highlight_text_text_8c21": {
    "description": ""
  },
  "highlight_text_text_eab0": "Fecha de entrega",
  "@highlight_text_text_eab0": {
    "description": ""
  },
  "input_date_time_label_hint": "",
  "@input_date_time_label_hint": {
    "description": ""
  },
  "highlight_text_text_b5ba": "Adjuntos",
  "@highlight_text_text_b5ba": {
    "description": ""
  },
  "highlight_text_text_3d52": "Descripción",
  "@highlight_text_text_3d52": {
    "description": ""
  },
  "text_area_placeholder": "5000 Caracteres",
  "@text_area_placeholder": {
    "description": ""
  },
  "highlight_text_text_cedf": "Fecha de creación",
  "@highlight_text_text_cedf": {
    "description": ""
  },
  "highlight_text_text_884c": "Creado por",
  "@highlight_text_text_884c": {
    "description": ""
  },
  "highlight_text_text_312f": "Fecha de ultima actualización",
  "@highlight_text_text_312f": {
    "description": ""
  },
  "highlight_text_text_effe": "Actualizado por",
  "@highlight_text_text_effe": {
    "description": ""
  },
  "input_text_label_hint_95ed": "",
  "@input_text_label_hint_95ed": {
    "description": ""
  },
  "dialog_dialog_title": "Adjuntos",
  "@dialog_dialog_title": {
    "description": ""
  },
  "button__text": "Aceptar",
  "@button__text": {
    "description": ""
  },
  "BtnAddAttachFile__text": "Cargar archivo",
  "@BtnAddAttachFile__text": {
    "description": ""
  },
  "panel1_att_title": "Nombre",
  "@panel1_att_title": {
    "description": ""
  },
  "input_text_label_hint_7113": "",
  "@input_text_label_hint_7113": {
    "description": ""
  },
  "button_label_fc73": "Agregar",
  "@button_label_fc73": {
    "description": ""
  },
  "dialog_history_dialog_title": "Historial de cambios",
  "@dialog_history_dialog_title": {
    "description": ""
  },
  "input_text_placeholder": "TRACKING - ",
  "@input_text_placeholder": {
    "description": ""
  },
  "table_columns_header_text": "Tracking",
  "@table_columns_header_text": {
    "description": ""
  },
  "input_text_placeholder_4255": "100 caracteres",
  "@input_text_placeholder_4255": {
    "description": ""
  },
  "table_columns_header_text_48f9": "Nombre",
  "@table_columns_header_text_48f9": {
    "description": ""
  },
  "table_columns_header_text_7109": "Creado por",
  "@table_columns_header_text_7109": {
    "description": ""
  },
  "table_columns_header_text_7e8f": "Fecha de creación",
  "@table_columns_header_text_7e8f": {
    "description": ""
  },
  "table_columns_header_text_6a5c": "Operaciones",
  "@table_columns_header_text_6a5c": {
    "description": ""
  },
  "table_columns_header_text_f72b": "Campo",
  "@table_columns_header_text_f72b": {
    "description": ""
  },
  "table_columns_header_text_1d7e": "Valor anterior",
  "@table_columns_header_text_1d7e": {
    "description": ""
  },
  "table_columns_header_text_4b92": "Nuevo valor",
  "@table_columns_header_text_4b92": {
    "description": ""
  },
  "table_columns_header_text_3ed3": "Modificado por",
  "@table_columns_header_text_3ed3": {
    "description": ""
  },
  "table_columns_header_text_a1ed": "Fecha de modificación",
  "@table_columns_header_text_a1ed": {
    "description": ""
  },
  "dialog_load_dialog_title": "Ejecutando...",
  "@dialog_load_dialog_title": {
    "description": ""
  },
  "fireNotification_summary": "Agregue un parametro de entrada",
  "@fireNotification_summary": {
    "description": ""
  },
  "fireNotification3_summary": "No existen registros",
  "@fireNotification3_summary": {
    "description": ""
  },
  "fireNotification_summary_c5d2": "Completa correctamente los campos",
  "@fireNotification_summary_c5d2": {
    "description": ""
  },
  "fireNotification2_summary": "Enviado correctamente",
  "@fireNotification2_summary": {
    "description": ""
  },
  "fireNotification_summary_7536": "Selecciona un archivo",
  "@fireNotification_summary_7536": {
    "description": ""
  },
  "fireNotification_summary_723c": "Error de descarga",
  "@fireNotification_summary_723c": {
    "description": ""
  },
  "fireNotification2_summary_5b75": "El tamaño máximo es de 5 MB",
  "@fireNotification2_summary_5b75": {
    "description": ""
  },
  "fireNotification2_summary_ce39": "Descargando archivo ",
  "@fireNotification2_summary_ce39": {
    "description": ""
  },
  "button_label_5049": "Buscar",
  "@button_label_5049": {
    "description": ""
  },
  "dialog_dialog_title_b834": "Búsqueda",
  "@dialog_dialog_title_b834": {
    "description": ""
  },
  "fireNotification_summary_d5fe": "Ingrese un numero de Tracking",
  "@fireNotification_summary_d5fe": {
    "description": ""
  },
  "button_label_9a09": "Cancelar",
  "@button_label_9a09": {
    "description": ""
  },
  "fireNotification2_summary_0035": "Descargando...",
  "@fireNotification2_summary_0035": {
    "description": ""
  }
}