{
  "description": "",
  "root": "ifTempSelectTrack",
  "actions": {

    "callFunctionBuscarEnLov": {
      "module": "vb/action/builtin/callModuleFunctionAction",
      "parameters": {
        "module": "[[ $functions ]]",
        "functionName": "BuscarEnLov",
        "returnType": "object",
        "params": [
          "{{ $page.variables.ARRAY_LOV_TRACK_ADP.data }}",
          "{{ $page.variables.tempSelectTrack }}"
        ]
      },
      "outcomes": {
        "success": "if"
      }
    },
    "if": {
      "module": "vb/action/builtin/ifAction",
      "parameters": {
        "condition": "[[ $chain.results.callFunctionBuscarEnLov.load ]]"
      },
      "outcomes": {
        "true": "fireDataProviderEventARRAYLOVTRACKADP",
        "false": "assignVariablesSearch"
      }
    },
    "fireDataProviderEventARRAYLOVTRACKADP": {
      "module": "vb/action/builtin/fireDataProviderEventAction",
      "parameters": {
        "target": "[[ $page.variables.ARRAY_LOV_TRACK_ADP ]]",
        "add": {
          "data": {
              "Trackin": "{{$page.variables.tempSelectTrack}}"
            }
        }
      },
      "outcomes": {
        "success": "fireDataProviderEventARRAYLOVTRACKADP2"
      }
    },
    "fireDataProviderEventARRAYLOVTRACKADP2": {
      "module": "vb/action/builtin/fireDataProviderEventAction",
      "parameters": {
        "target": "[[ $page.variables.ARRAY_LOV_TRACK_ADP ]]",
        "refresh": null
      },
      "outcomes": {
        "success": "assignVariablesSearch"
      }
    },
    "assignVariablesSearch": {
      "module": "vb/action/builtin/assignVariablesAction",
      "parameters": {
        "$page.variables.search": {
          "source": {
            "track": "{{ $page.variables.tempSelectTrack }}"
          },
          "reset": "none",
          "auto": "always"
        }
      },
      "outcomes": {
        "success": "callComponentDialogSearchClose"
      }
    },
    "ifTempSelectTrack": {
      "module": "vb/action/builtin/ifAction",
      "parameters": {
        "condition": "[[ $page.variables.tempSelectTrack ]]"
      },
      "outcomes": {
        "true": "callFunctionBuscarEnLov",
        "false": "callComponentDialogSearchClose"
      }
    },
    "callComponentDialogSearchClose": {
      "module": "vb/action/builtin/callComponentMethodAction",
      "parameters": {
        "component": "{{ document.getElementById('dialog-search') }}",
        "method": "close"
      }
    }
  },
  "variables": {}
}