{
  "description": "",
  "root": "ifCurrent",
  "actions": {
    "ifCurrent": {
      "module": "vb/action/builtin/ifAction",
      "parameters": {
        "condition": "[[ $variables.current.IdAttachment ]]"
      },
      "outcomes": {
        "false": "fireNotification3",
        "true": "fireNotificationCurrent"
      }
    },
    "callFunctionDownloadBlob": {
      "module": "vb/action/builtin/callModuleFunctionAction",
      "parameters": {
        "module": "[[ $functions ]]",
        "functionName": "downloadBlob",
        "params": [
          "{{ $variables.current.ObjFile }}",
          "{{ $variables.current.FileName }}"
        ]
      }
    },
    "fireNotification": {
      "module": "vb/action/builtin/fireNotificationEventAction",
      "parameters": {
        "target": "leaf",
        "summary": "[[$application.translations.app.fireNotification_summary_723c]]",
        "type": "error",
        "displayMode": "persist"
      },
      "outcomes": {
        "success": "callComponentDialogLoadClose2"
      }
    },
    "callRestDownloadFile": {
      "module": "vb/action/builtin/restAction",
      "parameters": {
        "endpoint": "Attach/DownloadFile",
        "uriParams": {
          "hash": "{{ $variables.current.FileHash }}",
          "id": "{{ $variables.current.IdAttachment }}"
        },
        "responseBodyFormat": "blob"
      },
      "outcomes": {
        "failure": "fireNotification",
        "success": "callFunctionDownloadOci"
      }
    },
    "callFunctionDownloadOci": {
      "module": "vb/action/builtin/callModuleFunctionAction",
      "parameters": {
        "module": "[[ $functions ]]",
        "functionName": "downloadOci",
        "params": [
          "{{ $chain.results.callRestDownloadFile.body }}",
          "{{ $variables.current.FileName }}"
        ]
      },
      "outcomes": {
        "success": "callComponentDialogLoadClose"
      }
    },
    "callComponentDialogLoadClose": {
      "module": "vb/action/builtin/callComponentMethodAction",
      "parameters": {
        "component": "{{ document.getElementById('dialog-load') }}",
        "method": "close"
      }
    },
    "callComponentDialogLoadClose2": {
      "module": "vb/action/builtin/callComponentMethodAction",
      "parameters": {
        "component": "{{ document.getElementById('dialog-load') }}",
        "method": "close"
      }
    },
    "fireNotificationCurrent": {
      "module": "vb/action/builtin/fireNotificationEventAction",
      "parameters": {
        "target": "leaf",
        "summary": "[[ $application.translations.app.fireNotification2_summary_ce39 + $variables.current.FileName ]]",
        "type": "info"
      },
      "outcomes": {
        "success": "callComponentDialogLoadOpen"
      }
    },
    "callComponentDialogLoadOpen": {
      "module": "vb/action/builtin/callComponentMethodAction",
      "parameters": {
        "component": "{{ document.getElementById('dialog-load') }}",
        "method": "open"
      },
      "outcomes": {
        "success": "callRestDownloadFile"
      }
    },
    "fireNotification3": {
      "module": "vb/action/builtin/fireNotificationEventAction",
      "parameters": {
        "target": "leaf",
        "summary": "[[$application.translations.app.fireNotification2_summary_0035]]",
        "type": "info"
      },
      "outcomes": {
        "success": "callFunctionDownloadBlob"
      }
    }
  },
  "variables": {
    "key": {
      "required": true,
      "type": "any",
      "input": "fromCaller"
    },
    "index": {
      "required": true,
      "type": "number",
      "input": "fromCaller"
    },
    "current": {
      "required": true,
      "type": "any",
      "input": "fromCaller"
    }
  }
}