{
  "root": "callFunctionCompareValues",
  "description": "",
  "variables": {
    "oldTrack": {
      "type": "object",
      "required": false,
      "input": "fromCaller"
    },
    "trackNew": {
      "type": "object",
      "required": false,
      "input": "fromCaller"
    }
  },
  "actions": {
    "callFunctionCompareValues": {
      "module": "vb/action/builtin/callModuleFunctionAction",
      "parameters": {
        "module": "[[ $functions ]]",
        "functionName": "compareValues",
        "params": [
          "{{ $variables.trackNew }}",
          "{{ $variables.oldTrack }}",
          "{{ $page.variables.user }}"
        ],
        "returnType": "object[]"
      },
      "outcomes": {
        "success": "if"
      }
    },
    "if": {
      "module": "vb/action/builtin/ifAction",
      "parameters": {
        "condition": "[[ $chain.results.callFunctionCompareValues.length == 0 ]]"
      },
      "outcomes": {
        "false": "callRestCreateCompare",
        "true": "return"
      }
    },
    "callRestCreateCompare": {
      "module": "vb/action/builtin/restAction",
      "parameters": {
        "endpoint": "History/CreateCompare",
        "body": {
          "Data": "{{$chain.results.callFunctionCompareValues}}"
        }
      },
      "outcomes": {
        "failure": "callComponentDialogLoadClose",
        "success": "return"
      }
    },
    "return": {
      "module": "vb/action/builtin/returnAction",
      "parameters": {
        "outcome": "success"
      }
    },
    "callComponentDialogLoadClose": {
      "module": "vb/action/builtin/callComponentMethodAction",
      "parameters": {
        "component": "{{ document.getElementById('dialog-load') }}",
        "method": "close"
      }
    }
  }
}