{
  "description": "",
  "root": "if",
  "actions": {
    "if": {
      "module": "vb/action/builtin/ifAction",
      "parameters": {
        "condition": "[[ $functions.validForm(\"oj-validation-Panel1\") ]]"
      },
      "outcomes": {
        "false": "fireNotification",
        "true": "callComponentDialogLoadOpen"
      }
    },
    "fireNotification": {
      "module": "vb/action/builtin/fireNotificationEventAction",
      "parameters": {
        "target": "leaf",
        "summary": "[[$application.translations.app.fireNotification_summary_c5d2]]"
      }
    },
    "callChainSaveData": {
      "module": "vb/action/builtin/callChainAction",
      "parameters": {
        "id": "SaveData"
      },
      "outcomes": {
        "success": "callChainUploadFiles"
      }
    },
    "callChainUploadFiles": {
      "module": "vb/action/builtin/callChainAction",
      "parameters": {
        "id": "UploadFiles",
        "params": {
          "arrayFiles": "{{ $functions.filtNewFiles($page.variables.ARRAY_FILES_ADP.data) }}",
          "id": "{{ $chain.results.callChainSaveData }}"
        }
      },
      "outcomes": {
        "success": "ifARRAYFILESADP"
      }
    },
    "ifARRAYFILESADP": {
      "module": "vb/action/builtin/ifAction",
      "parameters": {
        "condition": "[[ $functions.validDete($page.variables.ARRAY_FILES_ADP.data) ]]"
      },
      "outcomes": {
        "true": "callChainDeleteFiles",
        "false": "ifCompareTrack"
      }
    },
    "callChainDeleteFiles": {
      "module": "vb/action/builtin/callChainAction",
      "parameters": {
        "id": "DeleteFiles",
        "params": {
          "arrayFiles": "{{ $page.variables.ARRAY_FILES_ADP.data }}"
        }
      },
      "outcomes": {
        "success": "ifCompareTrack"
      }
    },
    "ifCompareTrack": {
      "module": "vb/action/builtin/ifAction",
      "parameters": {
        "condition": "[[ $page.variables.compareTrack.IdTracking ]]"
      },
      "outcomes": {
        "true": "callChainCompareValues",
        "false": "callChainResetForms"
      }
    },
    "callChainCompareValues": {
      "module": "vb/action/builtin/callChainAction",
      "parameters": {
        "id": "CompareValues",
        "params": {
          "trackNew": "{{ $page.variables.trackingState }}",
          "oldTrack": "{{ $page.variables.compareTrack }}"
        }
      },
      "outcomes": {
        "success": "callChainResetForms"
      }
    },
    "callComponentDialogLoadOpen": {
      "module": "vb/action/builtin/callComponentMethodAction",
      "parameters": {
        "component": "{{ document.getElementById('dialog-load') }}",
        "method": "open"
      },
      "outcomes": {
        "success": "callChainSaveData"
      }
    },
    "callComponentDialogLoadClose": {
      "module": "vb/action/builtin/callComponentMethodAction",
      "parameters": {
        "component": "{{ document.getElementById('dialog-load') }}",
        "method": "close"
      },
      "outcomes": {
        "success": "fireNotification3"
      }
    },
    "fireNotification3": {
      "module": "vb/action/builtin/fireNotificationEventAction",
      "parameters": {
        "target": "leaf",
        "summary": "[[$application.translations.app.fireNotification2_summary]]",
        "type": "confirmation"
      }
    },
    "callChainResetForms": {
      "module": "vb/action/builtin/callChainAction",
      "parameters": {
        "id": "ResetForms"
      },
      "outcomes": {
        "success": "ifARRAYTRACKSADP"
      }
    },
    "ifARRAYTRACKSADP": {
      "module": "vb/action/builtin/ifAction",
      "parameters": {
        "condition": "[[ $functions.isExistTrack($page.variables.ARRAY_TRACKS_ADP.data, $chain.results.callChainSaveData) ]]"
      },
      "outcomes": {
        "true": "callRestFindOneTrack",
        "false": "callChainRefreshLov"
      }
    },
    "callRestFindOneTrack": {
      "module": "vb/action/builtin/restAction",
      "parameters": {
        "endpoint": "Tracks/FindOneTrack",
        "uriParams": {
          "id": "{{ $chain.results.callChainSaveData }}"
        }
      },
      "outcomes": {
        "success": "fireDataProviderEventARRAYTRACKSADP2"
      }
    },
    "fireDataProviderEventARRAYTRACKSADP2": {
      "module": "vb/action/builtin/fireDataProviderEventAction",
      "parameters": {
        "target": "[[ $page.variables.ARRAY_TRACKS_ADP ]]",
        "update": {
          "data": "{{ $chain.results.callRestFindOneTrack.body }}"
        }
      },
      "outcomes": {
        "success": "fireDataProviderEventARRAYTRACKSADP3"
      }
    },
    "fireDataProviderEventARRAYTRACKSADP3": {
      "module": "vb/action/builtin/fireDataProviderEventAction",
      "parameters": {
        "target": "[[ $page.variables.ARRAY_TRACKS_ADP ]]",
        "refresh": null
      },
      "outcomes": {
        "success": "callChainRefreshLov"
      }
    },
    "callChainRefreshLov": {
      "module": "vb/action/builtin/callChainAction",
      "parameters": {
        "id": "RefreshLov"
      },
      "outcomes": {
        "success": "callComponentDialogLoadClose"
      }
    }
  },
  "variables": {}
}