{
  "root": "callRestDeleteFiles",
  "description": "",
  "variables": {
    "arrayFiles": {
      "type": "object[]",
      "required": false,
      "input": "fromCaller"
    }
  },
  "actions": {

    "callRestDeleteFiles": {
      "module": "vb/action/builtin/restAction",
      "parameters": {
        "endpoint": "Attach/DeleteFiles",
        "uriParams": {
          "user": "{{ $page.variables.user }}"
        },
        "body": "{{ $functions.convertDeleteFiles($variables.arrayFiles) }}"
      },
      "outcomes": {
        "failure": "callComponentDialogLoadClose",
        "success": "return"
      }
    },
    "callComponentDialogLoadClose": {
      "module": "vb/action/builtin/callComponentMethodAction",
      "parameters": {
        "component": "{{ document.getElementById('dialog-load') }}",
        "method": "close"
      }
    },
    "return": {
      "module": "vb/action/builtin/returnAction",
      "parameters": {
        "outcome": "success"
      }
    }
  }
}