{
  "description": "",
  "root": "ifCurrent",
  "actions": {
    "fireDataProviderEventARRAYFILESADP": {
      "module": "vb/action/builtin/fireDataProviderEventAction",
      "parameters": {
        "target": "[[ $page.variables.ARRAY_FILES_ADP ]]",
        "update": {
          "data": "{{ $variables.tempSelect }}"
        }
      },
      "outcomes": {
        "success": "fireDataProviderEventARRAYFILESADP2"
      }
    },
    "assignVariablesTempSelect": {
      "module": "vb/action/builtin/assignVariablesAction",
      "parameters": {
        "$variables.tempSelect": {
          "source": "{{ $variables.current }}",
          "auto": "always"
        }
      },
      "outcomes": {
        "success": "assignVariablesTempSelect2"
      }
    },
    "assignVariablesTempSelect2": {
      "module": "vb/action/builtin/assignVariablesAction",
      "parameters": {
        "$variables.tempSelect": {
          "source": {
            "operation": "DELETE"
          },
          "reset": "none",
          "auto": "always"
        }
      },
      "outcomes": {
        "success": "fireDataProviderEventARRAYFILESADP"
      }
    },
    "fireDataProviderEventARRAYFILESADP2": {
      "module": "vb/action/builtin/fireDataProviderEventAction",
      "parameters": {
        "refresh": null,
        "target": "[[ $page.variables.ARRAY_FILES_ADP ]]"
      }
    },
    "ifCurrent": {
      "module": "vb/action/builtin/ifAction",
      "parameters": {
        "condition": "[[ $variables.current.IdAttachment ]]"
      },
      "outcomes": {
        "true": "assignVariablesTempSelect",
        "false": "fireDataProviderEventARRAYFILESADP3"
      }
    },
    "fireDataProviderEventARRAYFILESADP3": {
      "module": "vb/action/builtin/fireDataProviderEventAction",
      "parameters": {
        "target": "[[ $page.variables.ARRAY_FILES_ADP ]]",
        "remove": {
          "data": "{{ $variables.current }}"
        }
      },
      "outcomes": {
        "success": "fireDataProviderEventARRAYFILESADP4"
      }
    },
    "fireDataProviderEventARRAYFILESADP4": {
      "module": "vb/action/builtin/fireDataProviderEventAction",
      "parameters": {
        "target": "[[ $page.variables.ARRAY_FILES_ADP ]]",
        "refresh": null
      }
    }
  },
  "variables": {
    "key": {
      "required": true,
      "type": "any",
      "input": "fromCaller"
    },
    "index": {
      "required": true,
      "type": "number",
      "input": "fromCaller"
    },
    "current": {
      "required": true,
      "type": "any",
      "input": "fromCaller"
    },
    "tempSelect": {
      "type": "file"
    }
  }
}