{
  "root": "callRestFindOneTrack",
  "description": "",
  "variables": {
    "id": {
      "type": "number",
      "required": false,
      "input": "fromCaller"
    }
  },
  "actions": {
    "callRestFindOneTrack": {
      "module": "vb/action/builtin/restAction",
      "parameters": {
        "endpoint": "Tracks/FindOneTrack",
        "uriParams": {
          "id": "{{ $variables.id }}"
        }
      },
      "outcomes": {
        "failure": "callComponentDialogLoadClose",
        "success": "assignVariablesTrackingState"
      }
    },
    "callComponentDialogLoadClose": {
      "module": "vb/action/builtin/callComponentMethodAction",
      "parameters": {
        "component": "{{ document.getElementById('dialog-load') }}",
        "method": "close"
      }
    },
    "assignVariablesTrackingState": {
      "module": "vb/action/builtin/assignVariablesAction",
      "parameters": {
        "$page.variables.trackingState": {
          "source": "{{ $chain.results.callRestFindOneTrack.body }}",
          "auto": "always"
        },
        "$page.variables.compareTrack": {
          "source": "{{ $chain.results.callRestFindOneTrack.body }}",
          "auto": "always"
        }
      },
      "outcomes": {
        "success": "resetVariablesARRAYFILESADP"
      }
    },
    "resetVariablesARRAYFILESADP": {
      "module": "vb/action/builtin/resetVariablesAction",
      "parameters": {
        "variables": [
          "$page.variables.ARRAY_FILES_ADP"
        ]
      },
      "outcomes": {
        "success": "callFunctionGenerateIdFilea"
      }
    },
    "callFunctionGenerateIdFilea": {
      "module": "vb/action/builtin/callModuleFunctionAction",
      "parameters": {
        "module": "[[ $functions ]]",
        "functionName": "generateIdFilea",
        "params": [
          "{{ $chain.results.callRestFindOneTrack.body.Files }}"
        ],
        "returnType": "file[]"
      },
      "outcomes": {
        "success": "assignVariablesARRAYFILESADP"
      }
    },
    "assignVariablesARRAYFILESADP": {
      "module": "vb/action/builtin/assignVariablesAction",
      "parameters": {
        "$page.variables.ARRAY_FILES_ADP": {
          "source": {
            "data": "{{ $chain.results.callFunctionGenerateIdFilea }}"
          },
          "reset": "none",
          "auto": "always"
        }
      },
      "outcomes": {
        "success": "fireDataProviderEventARRAYFILESADP"
      }
    },
    "fireDataProviderEventARRAYFILESADP": {
      "module": "vb/action/builtin/fireDataProviderEventAction",
      "parameters": {
        "refresh": null,
        "target": "[[ $page.variables.ARRAY_FILES_ADP ]]"
      },
      "outcomes": {
        "success": "ifARRAYTRACKSADP"
      }
    },
    "fireDataProviderEventARRAYTRACKSADP": {
      "module": "vb/action/builtin/fireDataProviderEventAction",
      "parameters": {
        "target": "[[ $page.variables.ARRAY_TRACKS_ADP ]]",
        "update": {
          "data": "{{ $chain.results.callRestFindOneTrack.body }}"
        }
      },
      "outcomes": {
        "success": "fireDataProviderEventARRAYTRACKSADP2"
      }
    },
    "fireDataProviderEventARRAYTRACKSADP2": {
      "module": "vb/action/builtin/fireDataProviderEventAction",
      "parameters": {
        "target": "[[ $page.variables.ARRAY_TRACKS_ADP ]]",
        "refresh": null
      },
      "outcomes": {
        "success": "return"
      }
    },
    "ifARRAYTRACKSADP": {
      "module": "vb/action/builtin/ifAction",
      "parameters": {
        "condition": "[[ $functions.isExistTrack($page.variables.ARRAY_TRACKS_ADP.data, $chain.results.callRestFindOneTrack.body.IdTracking) ]]"
      },
      "outcomes": {
        "true": "fireDataProviderEventARRAYTRACKSADP",
        "false": "return"
      }
    },
    "return": {
      "module": "vb/action/builtin/returnAction",
      "parameters": {
        "outcome": "success"
      }
    }
  }
}