{
  "root": "callComponentDialogLoadOpen",
  "description": "",
  "variables": {},
  "actions": {
    "assignVariablesTrackingState": {
      "module": "vb/action/builtin/assignVariablesAction",
      "parameters": {
        "$page.variables.trackingState": {
          "source": {
            "UserEmail": "{{ $page.variables.email }}",
            "CreateBy": "{{ $page.variables.user }}",
            "LastUpdateBy": "{{ $page.variables.user }}",
            "Status": "OPEN",
            "CreateDate": "{{ $functions.getDateNow() }}",
            "LastUpdateDate": "{{ $functions.getDateNow() }}"
          },
          "reset": "none",
          "auto": "always"
        }
      },
      "outcomes": {
        "success": "callChainRefreshLov"
      }
    },
    "assignVariablesUser": {
      "module": "vb/action/builtin/assignVariablesAction",
      "parameters": {
        "$page.variables.user": {
          "source": "{{ $page.variables.user ?? \"jacobo\" }}"
        },
        "$page.variables.email": {
          "source": "{{ $page.variables.email ? $page.variables.email : \"jhernandez@it-globalsolutions.com\" }}"
        }
      },
      "outcomes": {
        "success": "assignVariablesTrackingState"
      }
    },
    "callChainRefreshLov": {
      "module": "vb/action/builtin/callChainAction",
      "parameters": {
        "id": "RefreshLov"
      },
      "outcomes": {
        "success": "callComponentDialogLoadClose"
      }
    },
    "callComponentDialogLoadOpen": {
      "module": "vb/action/builtin/callComponentMethodAction",
      "parameters": {
        "component": "{{ document.getElementById('dialog-load') }}",
        "method": "open"
      },
      "outcomes": {
        "success": "assignVariablesUser"
      }
    },
    "callComponentDialogLoadClose": {
      "module": "vb/action/builtin/callComponentMethodAction",
      "parameters": {
        "component": "{{ document.getElementById('dialog-load') }}",
        "method": "close"
      }
    }
  }
}