{
  "description": "",
  "root": "ifSearchTrack",
  "actions": {
    "ifSearchTrack": {
      "module": "vb/action/builtin/ifAction",
      "parameters": {
        "condition": "[[ $page.variables.searchTrack ]]"
      },
      "outcomes": {
        "false": "fireNotification",
        "true": "callComponentDialogSearchOpen"
      }
    },
    "fireNotification": {
      "module": "vb/action/builtin/fireNotificationEventAction",
      "parameters": {
        "target": "leaf",
        "summary": "[[$application.translations.app.fireNotification_summary_d5fe]]"
      }
    },
    "callFunctionConvertUpperCase": {
      "module": "vb/action/builtin/callModuleFunctionAction",
      "parameters": {
        "module": "[[ $functions ]]",
        "functionName": "convertUpperCase",
        "params": [
          "{{ $page.variables.searchTrack }}"
        ],
        "returnType": "string"
      },
      "outcomes": {
        "success": "callRestGetTrackSearch"
      }
    },
    "callComponentDialogSearchOpen": {
      "module": "vb/action/builtin/callComponentMethodAction",
      "parameters": {
        "component": "{{ document.getElementById('dialog-search') }}",
        "method": "open"
      },
      "outcomes": {
        "success": "callFunctionConvertUpperCase"
      }
    },
    "fireNotification2": {
      "module": "vb/action/builtin/fireNotificationEventAction",
      "parameters": {
        "target": "leaf",
        "summary": "[[ $chain.results.callRestGetTrackSearch.message.summary ]]",
        "type": "error",
        "displayMode": "persist"
      }
    },
    "callRestGetTrackSearch": {
      "module": "vb/action/builtin/restAction",
      "parameters": {
        "endpoint": "searchTrack/getTrackSearch",
        "uriParams": {
          "param": "{{ $chain.results.callFunctionConvertUpperCase }}"
        }
      },
      "outcomes": {
        "failure": "fireNotification2",
        "success": "callFunctionValidLovInitial"
      }
    },
    "callFunctionValidLovInitial": {
      "module": "vb/action/builtin/callModuleFunctionAction",
      "parameters": {
        "module": "[[ $functions ]]",
        "functionName": "validLovInitial",
        "params": [
          "{{ $chain.results.callRestGetTrackSearch.body }}"
        ],
        "returnType": "object[]"
      },
      "outcomes": {
        "success": "resetVariablesARRAYSEARCHADP"
      }
    },
    "resetVariablesARRAYSEARCHADP": {
      "module": "vb/action/builtin/resetVariablesAction",
      "parameters": {
        "variables": [
          "$page.variables.ARRAY_SEARCH_ADP"
        ]
      },
      "outcomes": {
        "success": "assignVariablesARRAYSEARCHADP"
      }
    },
    "assignVariablesARRAYSEARCHADP": {
      "module": "vb/action/builtin/assignVariablesAction",
      "parameters": {
        "$page.variables.ARRAY_SEARCH_ADP": {
          "source": {
            "data": "{{ $chain.results.callFunctionValidLovInitial }}"
          },
          "reset": "none",
          "auto": "always"
        }
      },
      "outcomes": {
        "success": "fireDataProviderEventARRAYSEARCHADP"
      }
    },
    "fireDataProviderEventARRAYSEARCHADP": {
      "module": "vb/action/builtin/fireDataProviderEventAction",
      "parameters": {
        "target": "[[ $page.variables.ARRAY_SEARCH_ADP ]]",
        "refresh": null
      },
      "outcomes": {
        "success": "if"
      }
    },
    "if": {
      "module": "vb/action/builtin/ifAction",
      "parameters": {
        "condition": "[[ $chain.results.callFunctionValidLovInitial.length == 0 ]]"
      },
      "outcomes": {
        "true": "fireNotification4"
      }
    },
    "fireNotification4": {
      "module": "vb/action/builtin/fireNotificationEventAction",
      "parameters": {
        "target": "leaf",
        "summary": "[[$application.translations.app.fireNotification3_summary]]"
      }
    }
  },
  "variables": {}
}