{
  "description": "",
  "root": "callComponentDialogHistoryOpen",
  "actions": {
    "callComponentDialogHistoryOpen": {
      "module": "vb/action/builtin/callComponentMethodAction",
      "parameters": {
        "component": "{{ document.getElementById('dialog-history') }}",
        "method": "open"
      },
      "outcomes": {
        "success": "callComponentDialogLoadOpen"
      }
    },
    "callComponentDialogLoadOpen": {
      "module": "vb/action/builtin/callComponentMethodAction",
      "parameters": {
        "component": "{{ document.getElementById('dialog-load') }}",
        "method": "open"
      },
      "outcomes": {
        "success": "callRestGetHistory"
      }
    },
    "fireNotification": {
      "module": "vb/action/builtin/fireNotificationEventAction",
      "parameters": {
        "target": "leaf",
        "summary": "[[ $chain.results.callRestGetHistory.message.summary ]]",
        "type": "error",
        "displayMode": "persist"
      },
      "outcomes": {
        "success": "callComponentDialogLoadClose2"
      }
    },
    "callRestGetHistory": {
      "module": "vb/action/builtin/restAction",
      "parameters": {
        "endpoint": "History/GetHistory",
        "uriParams": {
          "id": "{{ $page.variables.trackingState.IdTracking }}"
        }
      },
      "outcomes": {
        "failure": "fireNotification",
        "success": "resetVariablesARRAYHISTORYADP"
      }
    },
    "resetVariablesARRAYHISTORYADP": {
      "module": "vb/action/builtin/resetVariablesAction",
      "parameters": {
        "variables": [
          "$page.variables.ARRAY_HISTORY_ADP"
        ]
      },
      "outcomes": {
        "success": "callFunctionValidLovInitial"
      }
    },
    "callFunctionValidLovInitial": {
      "module": "vb/action/builtin/callModuleFunctionAction",
      "parameters": {
        "module": "[[ $functions ]]",
        "functionName": "validLovInitial",
        "params": [
          "{{ $chain.results.callRestGetHistory.body }}"
        ],
        "returnType": "object[]"
      },
      "outcomes": {
        "success": "assignVariablesARRAYHISTORYADP"
      }
    },
    "assignVariablesARRAYHISTORYADP": {
      "module": "vb/action/builtin/assignVariablesAction",
      "parameters": {
        "$page.variables.ARRAY_HISTORY_ADP": {
          "source": {
            "data": "{{ $chain.results.callFunctionValidLovInitial }}"
          },
          "reset": "none",
          "auto": "always"
        }
      },
      "outcomes": {
        "success": "fireDataProviderEventARRAYHISTORYADP"
      }
    },
    "fireDataProviderEventARRAYHISTORYADP": {
      "module": "vb/action/builtin/fireDataProviderEventAction",
      "parameters": {
        "target": "[[ $page.variables.ARRAY_HISTORY_ADP ]]",
        "refresh": null
      },
      "outcomes": {
        "success": "callComponentDialogLoadClose"
      }
    },
    "callComponentDialogLoadClose": {
      "module": "vb/action/builtin/callComponentMethodAction",
      "parameters": {
        "component": "{{ document.getElementById('dialog-load') }}",
        "method": "close"
      }
    },
    "callComponentDialogLoadClose2": {
      "module": "vb/action/builtin/callComponentMethodAction",
      "parameters": {
        "component": "{{ document.getElementById('dialog-load') }}",
        "method": "close"
      }
    }
  },
  "variables": {}
}