{
  "root": "callRestGetLovTracks",
  "description": "",
  "actions": {
    "callRestGetLovTracks": {
      "module": "vb/action/builtin/restAction",
      "parameters": {
        "endpoint": "Tracks/GetLovTracks"
      },
      "outcomes": {
        "failure": "callComponentDialogLoadClose",
        "success": "callFunctionValidLovInitial"
      }
    },
    "callComponentDialogLoadClose": {
      "module": "vb/action/builtin/callComponentMethodAction",
      "parameters": {
        "component": "{{ document.getElementById('dialog-load') }}",
        "method": "close"
      }
    },
    "callFunctionValidLovInitial": {
      "module": "vb/action/builtin/callModuleFunctionAction",
      "parameters": {
        "module": "[[ $functions ]]",
        "functionName": "validLovInitial",
        "params": [
          "{{ $chain.results.callRestGetLovTracks.body }}"
        ],
        "returnType": "object[]"
      },
      "outcomes": {
        "success": "resetVariablesARRAYLOVTRACKADP"
      }
    },
    "resetVariablesARRAYLOVTRACKADP": {
      "module": "vb/action/builtin/resetVariablesAction",
      "parameters": {
        "variables": [
          "$page.variables.ARRAY_LOV_TRACK_ADP"
        ]
      },
      "outcomes": {
        "success": "assignVariablesARRAYLOVTRACKADP"
      }
    },
    "fireDataProviderEventARRAYLOVTRACKADP": {
      "module": "vb/action/builtin/fireDataProviderEventAction",
      "parameters": {
        "refresh": null,
        "target": "[[ $page.variables.ARRAY_LOV_TRACK_ADP ]]"
      }
    },
    "assignVariablesARRAYLOVTRACKADP": {
      "module": "vb/action/builtin/assignVariablesAction",
      "parameters": {
        "$page.variables.ARRAY_LOV_TRACK_ADP": {
          "source": {
            "data": "{{ $chain.results.callFunctionValidLovInitial }}"
          },
          "reset": "none",
          "auto": "always"
        }
      },
      "outcomes": {
        "success": "fireDataProviderEventARRAYLOVTRACKADP"
      }
    }
  }
}