{
  "root": "ifType",
  "description": "",
  "variables": {
    "type": {
      "type": "string",
      "required": false,
      "input": "fromCaller"
    }
  },
  "actions": {
    "resetVariablesSearch": {
      "module": "vb/action/builtin/resetVariablesAction",
      "parameters": {
        "variables": [
          "$page.variables.search"
        ]
      },
      "outcomes": {
        "success": "resetVariablesARRAYFILESADP"
      }
    },
    "resetVariablesARRAYFILESADP": {
      "module": "vb/action/builtin/resetVariablesAction",
      "parameters": {
        "variables": [
          "$page.variables.ARRAY_FILES_ADP"
        ]
      },
      "outcomes": {
        "success": "resetVariablesARRAYTRACKSADP"
      }
    },
    "resetVariablesARRAYTRACKSADP": {
      "module": "vb/action/builtin/resetVariablesAction",
      "parameters": {
        "variables": [
          "$page.variables.ARRAY_TRACKS_ADP.data"
        ]
      },
      "outcomes": {
        "success": "resetVariablesTrackingState"
      }
    },
    "resetVariablesTrackingState": {
      "module": "vb/action/builtin/resetVariablesAction",
      "parameters": {
        "variables": [
          "$page.variables.trackingState"
        ]
      },
      "outcomes": {
        "success": "resetVariablesARRAYHISTORYADP"
      }
    },
    "ifType": {
      "module": "vb/action/builtin/ifAction",
      "parameters": {
        "condition": "[[ $variables.type == \"ALL\" ]]"
      },
      "outcomes": {
        "true": "resetVariablesSearch",
        "false": "resetVariablesARRAYFILESADP3"
      }
    },
    "resetVariablesARRAYHISTORYADP": {
      "module": "vb/action/builtin/resetVariablesAction",
      "parameters": {
        "variables": [
          "$page.variables.ARRAY_HISTORY_ADP"
        ]
      },
      "outcomes": {
        "success": "resetVariablesCompareTrack"
      }
    },
    "assignVariablesTrackingState": {
      "module": "vb/action/builtin/assignVariablesAction",
      "parameters": {
        "$page.variables.trackingState": {
          "source": {
            "CreateBy": "{{ $page.variables.user }}",
            "LastUpdateBy": "{{ $page.variables.user }}",
            "UserEmail": "{{ $page.variables.email }}",
            "Status": "OPEN",
            "CreateDate": "{{ $functions.getDateNow() }}",
            "LastUpdateDate": "{{ $functions.getDateNow() }}"
          },
          "reset": "none",
          "auto": "always"
        }
      },
      "outcomes": {
        "success": "return"
      }
    },
    "resetVariablesCompareTrack": {
      "module": "vb/action/builtin/resetVariablesAction",
      "parameters": {
        "variables": [
          "$page.variables.compareTrack"
        ]
      },
      "outcomes": {
        "success": "assignVariablesTrackingState"
      }
    },
    "resetVariablesARRAYFILESADP3": {
      "module": "vb/action/builtin/resetVariablesAction",
      "parameters": {
        "variables": [
          "$page.variables.ARRAY_FILES_ADP",
          "$page.variables.ARRAY_HISTORY_ADP",
          "$page.variables.trackingState",
          "$page.variables.fileSelect"
        ]
      },
      "outcomes": {
        "success": "resetVariablesCompareTrack"
      }
    },
    "return": {
      "module": "vb/action/builtin/returnAction",
      "parameters": {
        "outcome": "success"
      }
    }
  }
}