{
  "root": "callFunctionBeforInsert",
  "description": "",
  "variables": {
    "temp": {
      "type": "tracking"
    }
  },
  "actions": {
    "callRestCreateTrack": {
      "module": "vb/action/builtin/restAction",
      "parameters": {
        "endpoint": "Tracks/CreateTrack",
        "body": "{{ $chain.results.callFunctionBeforInsert }}"
      },
      "outcomes": {
        "failure": "callComponentDialogLoadClose",
        "success": "assignVariablesTemp"
      }
    },
    "callFunctionBeforInsert": {
      "module": "vb/action/builtin/callModuleFunctionAction",
      "parameters": {
        "module": "[[ $functions ]]",
        "functionName": "beforInsert",
        "params": [
          "{{ $page.variables.trackingState }}",
          "{{ $page.variables.user }}",
          "{{ $page.variables.compareTrack }}"
        ]
      },
      "outcomes": {
        "success": "callRestCreateTrack"
      }
    },
    "assignVariablesTemp": {
      "module": "vb/action/builtin/assignVariablesAction",
      "parameters": {
        "$variables.temp": {
          "source": "{{ $chain.results.callFunctionBeforInsert }}",
          "auto": "always"
        }
      },
      "outcomes": {
        "success": "assignVariablesTrackingState2"
      }
    },
    "assignVariablesTrackingState": {
      "module": "vb/action/builtin/assignVariablesAction",
      "parameters": {
        "$page.variables.trackingState": {
          "source": {
            "Trackin": "{{ $chain.results.callRestCreateTrack.body.tracking }}",
            "IdTracking": "{{ $chain.results.callRestCreateTrack.body.id }}"
          },
          "reset": "none",
          "auto": "always"
        }
      },
      "outcomes": {
        "success": "return"
      }
    },
    "assignVariablesTrackingState2": {
      "module": "vb/action/builtin/assignVariablesAction",
      "parameters": {
        "$page.variables.trackingState": {
          "source": "{{ $variables.temp }}",
          "auto": "always"
        }
      },
      "outcomes": {
        "success": "assignVariablesTrackingState"
      }
    },
    "return": {
      "module": "vb/action/builtin/returnAction",
      "parameters": {
        "outcome": "success",
        "payload": "{{ $chain.results.callRestCreateTrack.body.id }}"
      }
    },
    "callComponentDialogLoadClose": {
      "module": "vb/action/builtin/callComponentMethodAction",
      "parameters": {
        "component": "{{ document.getElementById('dialog-load') }}",
        "method": "close"
      }
    }
  },
  "returnType": "number"
}