{
  "description": "",
  "root": "if",
  "actions": {
    "if": {
      "module": "vb/action/builtin/ifAction",
      "parameters": {
        "condition": "[[ $page.variables.search.endDate || $page.variables.search.startDate ]]"
      },
      "outcomes": {
        "false": "if2",
        "true": "if3"
      }
    },
    "fireNotification": {
      "module": "vb/action/builtin/fireNotificationEventAction",
      "parameters": {
        "target": "leaf",
        "summary": "[[$application.translations.app.fireNotification_summary]]"
      },
      "outcomes": {}
    },
    "callComponentDialogLoadOpen": {
      "module": "vb/action/builtin/callComponentMethodAction",
      "parameters": {
        "component": "{{ document.getElementById('dialog-load') }}",
        "method": "open"
      },
      "outcomes": {
        "success": "callRestGetSearchTrack"
      }
    },
    "fireNotification2": {
      "module": "vb/action/builtin/fireNotificationEventAction",
      "parameters": {
        "target": "leaf",
        "summary": "[[ $chain.results.callRestGetSearchTrack.message.summary ]]",
        "type": "error",
        "displayMode": "persist"
      },
      "outcomes": {
        "success": "callComponentDialogLoadClose"
      }
    },
    "callRestGetSearchTrack": {
      "module": "vb/action/builtin/restAction",
      "parameters": {
        "endpoint": "Tracks/GetSearchTrack",
        "uriParams": {
          "track": "{{ $page.variables.search.track ?? \"\" }}",
          "date": "{{ $page.variables.search.date ?? \"\" }}",
          "endDate": "{{ $functions.parseDateToNumber($page.variables.search.endDate) }}",
          "startDate": "{{ $functions.parseDateToNumber($page.variables.search.startDate) }}"
        }
      },
      "outcomes": {
        "failure": "fireNotification2",
        "success": "resetVariablesARRAYTRACKSADP"
      }
    },
    "if3": {
      "module": "vb/action/builtin/ifAction",
      "parameters": {
        "condition": "[[ $functions.validForm(\"oj-validation-PanelParametros\") ]]"
      },
      "outcomes": {
        "true": "ifErr",
        "false": "assignVariablesErr"
      }
    },
    "assignVariablesErr": {
      "module": "vb/action/builtin/assignVariablesAction",
      "parameters": {
        "$variables.err": {
          "source": true
        }
      },
      "outcomes": {
        "success": "ifErr"
      }
    },
    "assignVariablesErr2": {
      "module": "vb/action/builtin/assignVariablesAction",
      "parameters": {
        "$variables.err": {
          "source": true
        }
      },
      "outcomes": {
        "success": "ifErr"
      }
    },
    "ifErr": {
      "module": "vb/action/builtin/ifAction",
      "parameters": {
        "condition": "[[ $variables.err ]]"
      },
      "outcomes": {
        "true": "fireNotification",
        "false": "callComponentDialogLoadOpen"
      }
    },
    "callComponentDialogLoadClose": {
      "module": "vb/action/builtin/callComponentMethodAction",
      "parameters": {
        "component": "{{ document.getElementById('dialog-load') }}",
        "method": "close"
      }
    },
    "resetVariablesARRAYTRACKSADP": {
      "module": "vb/action/builtin/resetVariablesAction",
      "parameters": {
        "variables": [
          "$page.variables.ARRAY_TRACKS_ADP"
        ]
      },
      "outcomes": {
        "success": "assignVariablesData"
      }
    },
    "assignVariablesData": {
      "module": "vb/action/builtin/assignVariablesAction",
      "parameters": {
        "$variables.data": {
          "source": "{{ $functions.validLovInitial($chain.results.callRestGetSearchTrack.body) }}"
        }
      },
      "outcomes": {
        "success": "assignVariablesARRAYTRACKSADP"
      }
    },
    "assignVariablesARRAYTRACKSADP": {
      "module": "vb/action/builtin/assignVariablesAction",
      "parameters": {
        "$page.variables.ARRAY_TRACKS_ADP": {
          "source": {
            "data": "{{ $variables.data }}"
          },
          "reset": "none",
          "auto": "always"
        }
      },
      "outcomes": {
        "success": "fireDataProviderEventARRAYTRACKSADP"
      }
    },
    "fireDataProviderEventARRAYTRACKSADP": {
      "module": "vb/action/builtin/fireDataProviderEventAction",
      "parameters": {
        "target": "[[ $page.variables.ARRAY_TRACKS_ADP ]]",
        "refresh": null
      },
      "outcomes": {
        "success": "callComponentDialogLoadClose2"
      }
    },
    "if2": {
      "module": "vb/action/builtin/ifAction",
      "parameters": {
        "condition": "[[ !$page.variables.search.track && !$page.variables.search.date ]]"
      },
      "outcomes": {
        "true": "assignVariablesErr2",
        "false": "ifErr"
      }
    },
    "callComponentDialogLoadClose2": {
      "module": "vb/action/builtin/callComponentMethodAction",
      "parameters": {
        "component": "{{ document.getElementById('dialog-load') }}",
        "method": "close"
      },
      "outcomes": {
        "success": "ifData"
      }
    },
    "ifData": {
      "module": "vb/action/builtin/ifAction",
      "parameters": {
        "condition": "[[ $variables.data.length == 0 ]]"
      },
      "outcomes": {
        "true": "fireNotification4"
      }
    },
    "fireNotification4": {
      "module": "vb/action/builtin/fireNotificationEventAction",
      "parameters": {
        "target": "leaf",
        "summary": "[[$application.translations.app.fireNotification3_summary]]"
      }
    }
  },
  "variables": {
    "data": {
      "type": "object[]"
    },
    "err": {
      "type": "boolean"
    }
  }
}