{
  "description": "",
  "root": "ifFiles",
  "actions": {
    "callFunctionProcesFilesField": {
      "module": "vb/action/builtin/callModuleFunctionAction",
      "parameters": {
        "module": "[[ $functions ]]",
        "functionName": "procesFilesField",
        "params": [
          "{{ $variables.files }}",
          "{{ $page.variables.trackingState.IdTracking }}",
          "{{ $page.variables.user }}"
        ]
      },
      "outcomes": {
        "success": "if"
      }
    },
    "if": {
      "module": "vb/action/builtin/ifAction",
      "parameters": {
        "condition": "[[ $chain.results.callFunctionProcesFilesField != \"\" ]]"
      },
      "outcomes": {
        "false": "fireNotification",
        "true": "assignVariablesFileSelect"
      }
    },
    "fireNotification": {
      "module": "vb/action/builtin/fireNotificationEventAction",
      "parameters": {
        "target": "leaf",
        "summary": "[[$application.translations.app.fireNotification_summary_7536]]",
        "type": "warning"
      }
    },
    "assignVariablesFileSelect": {
      "module": "vb/action/builtin/assignVariablesAction",
      "parameters": {
        "$page.variables.fileSelect": {
          "source": "{{ $chain.results.callFunctionProcesFilesField }}",
          "auto": "always"
        }
      }
    },
    "ifFiles": {
      "module": "vb/action/builtin/ifAction",
      "parameters": {
        "condition": "[[ $variables.files[0].size > 5009972 ]]"
      },
      "outcomes": {
        "false": "callFunctionProcesFilesField",
        "true": "fireNotification3"
      }
    },
    "fireNotification3": {
      "module": "vb/action/builtin/fireNotificationEventAction",
      "parameters": {
        "target": "leaf",
        "summary": "[[$application.translations.app.fireNotification2_summary_5b75]]"
      }
    }
  },
  "variables": {
    "files": {
      "required": true,
      "type": "object[]",
      "input": "fromCaller"
    }
  }
}