{
  "description": "",
  "root": "ifRowData",
  "actions": {
    "ifRowData": {
      "module": "vb/action/builtin/ifAction",
      "parameters": {
        "condition": "[[ $variables.rowData ]]"
      },
      "outcomes": {
        "true": "assignVariablesTempSelectTrack"
      }
    },
    "assignVariablesTempSelectTrack": {
      "module": "vb/action/builtin/assignVariablesAction",
      "parameters": {
        "$page.variables.tempSelectTrack": {
          "source": "{{ $variables.rowData.Trackin }}"
        }
      }
    }
  },
  "variables": {
    "rowKey": {
      "required": true,
      "type": "any",
      "input": "fromCaller"
    },
    "rowData": {
      "required": true,
      "type": "any",
      "input": "fromCaller"
    }
  }
}