{
  "description": "",
  "root": "ifRowData",
  "actions": {
    "ifRowData": {
      "module": "vb/action/builtin/ifAction",
      "parameters": {
        "condition": "[[ $variables.rowData ]]"
      },
      "outcomes": {
        "true": "assignVariablesResp"
      }
    },
    "assignVariablesResp": {
      "module": "vb/action/builtin/assignVariablesAction",
      "parameters": {
        "$variables.resp": {
          "source": "{{ $functions.processSelectionTrack($variables.rowData) }}",
          "auto": "always"
        },
        "$page.variables.compareTrack": {
          "source": "{{ $variables.rowData }}",
          "auto": "always"
        }
      },
      "outcomes": {
        "success": "callFunctionGenerateIdFilea"
      }
    },
    "resetVariablesARRAYFILESADP": {
      "module": "vb/action/builtin/resetVariablesAction",
      "parameters": {
        "variables": [
          "$page.variables.ARRAY_FILES_ADP"
        ]
      },
      "outcomes": {
        "success": "assignVariablesARRAYFILESADP"
      }
    },
    "assignVariablesARRAYFILESADP": {
      "module": "vb/action/builtin/assignVariablesAction",
      "parameters": {

        "$page.variables.trackingState": {
          "source": "{{ $variables.resp.data }}",
          "auto": "always"
        },
        "$page.variables.ARRAY_FILES_ADP": {
          "source": {
            "data": "{{ $chain.results.callFunctionGenerateIdFilea }}"
          },
          "reset": "none",
          "auto": "always"
        }
      },
      "outcomes": {
        "success": "fireDataProviderEventARRAYFILESADP"
      }
    },
    "fireDataProviderEventARRAYFILESADP": {
      "module": "vb/action/builtin/fireDataProviderEventAction",
      "parameters": {
        "target": "[[ $page.variables.ARRAY_FILES_ADP ]]",
        "refresh": null
      }
    },
    "callFunctionGenerateIdFilea": {
      "module": "vb/action/builtin/callModuleFunctionAction",
      "parameters": {
        "module": "[[ $functions ]]",
        "functionName": "generateIdFilea",
        "params": [
          "{{ $variables.resp.files }}"
        ],
        "returnType": "object[]"
      },
      "outcomes": {
        "success": "resetVariablesARRAYFILESADP"
      }
    }
  },
  "variables": {
    "resp": {
      "type": {
        "data": "object",
        "files": "object[]"
      }
    },
    "rowKey": {
      "required": true,
      "type": "any",
      "input": "fromCaller"
    },
    "rowData": {
      "required": true,
      "type": "any",
      "input": "fromCaller"
    }

  }
}