{
  "description": "",
  "root": "fireDataProviderEventARRAYFILESADP",
  "actions": {
    "fireDataProviderEventARRAYFILESADP": {
      "module": "vb/action/builtin/fireDataProviderEventAction",
      "parameters": {
        "target": "[[ $page.variables.ARRAY_FILES_ADP ]]",
        "add": {
          "data": "{{ $page.variables.fileSelect }}"
        }
      },
      "outcomes": {
        "success": "fireDataProviderEventARRAYFILESADP2"
      }
    },
    "fireDataProviderEventARRAYFILESADP2": {
      "module": "vb/action/builtin/fireDataProviderEventAction",
      "parameters": {
        "refresh": null,
        "target": "[[ $page.variables.ARRAY_FILES_ADP ]]"
      },
      "outcomes": {
        "success": "resetVariablesFileSelect"
      }
    },
    "resetVariablesFileSelect": {
      "module": "vb/action/builtin/resetVariablesAction",
      "parameters": {
        "variables": [
          "$page.variables.fileSelect"
        ]
      }
    }
  },
  "variables": {}
}