{
  "root": "forEachInArrayFiles",
  "description": "",
  "variables": {
    "arrayFiles": {
      "type": "file[]",
      "required": false,
      "input": "fromCaller"
    },
    "id": {
      "type": "number",
      "required": false,
      "input": "fromCaller"
    }
  },
  "actions": {
    "forEachInArrayFiles": {
      "module": "vb/action/builtin/forEachAction",
      "parameters": {
        "items": "{{ $variables.arrayFiles }}",
        "actionId": "callRestUploadFile"
      },
      "outcomes": {
        "success": "return"
      }
    },
    "callRestUploadFile": {
      "module": "vb/action/builtin/restAction",
      "parameters": {
        "endpoint": "Attach/UploadFile",
        "uriParams": {
          "user": "{{ $page.variables.user }}",
          "idTrack": "{{ $variables.id }}",
          "filename": "{{ $current.data.FileName }}",
          "ext": "{{ $current.data.FileExt }}"
        },
        "body": {
          "primaryFile":"{{$current.data.ObjFile}}"
        }
      },
      "outcomes": {
        "failure": "callComponentDialogLoadClose"
      }
    },
    "callComponentDialogLoadClose": {
      "module": "vb/action/builtin/callComponentMethodAction",
      "parameters": {
        "component": "{{ document.getElementById('dialog-load') }}",
        "method": "close"
      }
    },
    "return": {
      "module": "vb/action/builtin/returnAction",
      "parameters": {
        "outcome": "success"
      }
    }
  }
}