{
    "openapi": "3.0.0",
    "info": {
        "title": "History",
        "version": "1.0.0"
    },
    "servers": [
        {
            "url": "vb-catalog://backends/SERVER_XXITG_JHM",
            "description": "SERVER XXITG JHM"
        }
    ],
    "paths": {
        "/XXITG_03/1.0/history/track/{id}": {
            "parameters": [
                {
                    "name": "id",
                    "in": "path",
                    "required": true,
                    "schema": {
                        "type": "string"
                    }
                }
            ],
            "get": {
                "operationId": "GetHistory",
                "responses": {
                    "default": {
                        "description": "Default response",
                        "content": {
                            "application/json": {
                                "schema": {
                                    "$ref": "#/components/schemas/GetXXITG_03_1_0HistoryTrackId"
                                },
                                "examples": {
                                    "vb": {
                                        "externalValue": "./examples/GetHistory/response_default_application_json_vb.json"
                                    }
                                }
                            }
                        }
                    }
                },
                "x-vb": {
                    "actionHint": "getOne"
                }
            }
        },
        "/XXITG_03/1.0/history/create": {
            "post": {
                "operationId": "CreateCompare",
                "requestBody": {
                    "content": {
                        "application/json": {
                            "schema": {
                                "$ref": "#/components/schemas/PostXXITG_03_1_0HistoryCreateRequest"
                            },
                            "examples": {
                                "vb": {
                                    "externalValue": "./examples/CreateCompare/request_application_json_vb.json"
                                }
                            }
                        }
                    }
                },
                "responses": {
                    "default": {
                        "description": "Default response",
                        "content": {
                            "application/json": {
                                "schema": {
                                    "$ref": "#/components/schemas/PostXXITG_03_1_0HistoryCreateResponse"
                                },
                                "examples": {
                                    "vb": {
                                        "externalValue": "./examples/CreateCompare/response_default_application_json_vb.json"
                                    }
                                }
                            }
                        }
                    }
                },
                "x-vb": {
                    "actionHint": "create"
                }
            }
        }
    },
    "components": {
        "schemas": {
            "GetXXITG_03_1_0HistoryTrackId": {
                "type": "array",
                "items": {
                    "type": "object",
                    "properties": {
                        "IdHistory": {
                            "type": "integer"
                        },
                        "IdTrack": {
                            "type": "integer"
                        },
                        "NewValue": {
                            "type": "string"
                        },
                        "OldValue": {
                            "type": "string"
                        },
                        "Date": {
                            "type": "string"
                        },
                        "Field": {
                            "type": "string"
                        },
                        "CreateBy": {
                            "type": "string"
                        }
                    }
                }
            },
            "PostXXITG_03_1_0HistoryCreateRequest": {
                "type": "object",
                "properties": {
                    "Data": {
                        "type": "array",
                        "items": {
                            "type": "object",
                            "properties": {
                                "IdTrack": {
                                    "type": "integer"
                                },
                                "IdAttach": {
                                    "type": "integer"
                                },
                                "NewValue": {
                                    "type": "string"
                                },
                                "OldValue": {
                                    "type": "string"
                                },
                                "CreateDate": {
                                    "type": "string"
                                },
                                "Field": {
                                    "type": "string"
                                },
                                "CreateBy": {
                                    "type": "string"
                                }
                            }
                        }
                    }
                }
            },
            "PostXXITG_03_1_0HistoryCreateResponse": {
                "type": "object",
                "properties": {
                    "error": {
                        "type": "boolean"
                    },
                    "msg": {
                        "type": "string"
                    }
                }
            }
        }
    }
}