{
  "title": "main",
  "description": "",
  "variables": {
    "ARRAY_FILES_ADP": {
      "type": "vb/ArrayDataProvider2",
      "defaultValue": {
        "itemType": "file",
        "keyAttributes": "id"
      }
    },
    "ARRAY_HISTORY_ADP": {
      "type": "vb/ArrayDataProvider2",
      "defaultValue": {
        "itemType": "history",
        "keyAttributes": "IdHistory"
      }
    },
    "ARRAY_LOV_TRACK_ADP": {
      "type": "vb/ArrayDataProvider2",
      "defaultValue": {
        "itemType": "lovTracking",
        "keyAttributes": "Trackin"
      }
    },
    "ARRAY_SEARCH_ADP": {
      "type": "vb/ArrayDataProvider2",
      "defaultValue": {
        "itemType": "lovTracking",
        "keyAttributes": "Trackin"
      }
    },
    "ARRAY_TRACKS_ADP": {
      "type": "vb/ArrayDataProvider2",
      "defaultValue": {
        "itemType": "tracking",
        "keyAttributes": "IdTracking"
      }
    },
    "compareTrack": {
      "type": "tracking"
    },
    "email": {
      "type": "string",
      "input": "fromUrl"
    },
    "fileSelect": {
      "type": "file"
    },
    "search": {
      "type": "search"
    },
    "searchTrack": {
      "type": "string"
    },
    "tempSelectTrack": {
      "type": "string"
    },
    "trackingState": {
      "type": "tracking"
    },
    "user": {
      "type": "string",
      "input": "fromUrl"
    }

  },
  "metadata": {},
  "types": {
    "create": "object",
    "file": {
      "CreateBy": "string",
      "CreateDate": "number",
      "Description": "string",
      "FileExt": "string",
      "FileHash": "string",
      "FileName": "string",
      "id": "number",
      "IdAttachment": "number",
      "IdTracking": "number",
      "LastUpdateBy": "string",
      "LastUpdateDate": "number",
      "ObjFile": "any",
      "operation": "string"

    },
    "history": {
      "CreateBy": "string",
      "Date": "string",
      "Field": "string",
      "IdHistory": "number",
      "IdTrack": "number",
      "NewValue": "string",
      "OldValue": "string"

    },
    "lovTracking": {
      "Trackin": "string"
    },
    "search": {
      "date": "string",
      "endDate": "string",
      "startDate": "string",
      "track": "string"
    },
    "tracking": {
      "CreateBy": "string",
      "CreateDate": "number",
      "Description": "string",
      "FechaEntrega": "string",
      "Files": "file[]",
      "IdTracking": "number",
      "LastUpdateBy": "string",
      "LastUpdateDate": "number",
      "Status": "string",
      "Trackin": "string",
      "UserEmail": "string",
      "Validator": "string"
    }

  },
  "eventListeners": {
    "buttonAction": {
      "chains": [
        {
          "chainId": "OpenAdjuntos"
        }
      ]
    },
    "buttonAction10": {
      "chains": [
        {
          "chainId": "DeleteFi",
          "parameters": {
            "key": "{{ $current.key }}",
            "index": "{{ $current.index }}",
            "current": "{{ $current.data }}"
          }
        }
      ]
    },
    "buttonAction11": {
      "chains": [
        {
          "chainId": "ButtonActionChain",
          "parameters": {
            "key": "{{ $current.key }}",
            "index": "{{ $current.index }}",
            "current": "{{ $current.data }}"
          }
        }
      ]
    },
    "buttonAction12": {
      "chains": [
        {
          "chainId": "OnSearchTrack"
        }
      ]
    },
    "buttonAction13": {
      "chains": [
        {
          "chainId": "AcepSearch"
        }
      ]
    },
    "buttonAction14": {
      "chains": [
        {
          "chainId": "CancelSearch"
        }
      ]
    },
    "buttonAction2": {
      "chains": [
        {
          "chainId": "CloseAdjuntos"
        }
      ]
    },
    "buttonAction3": {
      "chains": [
        {
          "chainId": "OpenHistory"
        }
      ]
    },
    "buttonAction4": {
      "chains": [
        {
          "chainId": "CloseHistory"
        }
      ]
    },
    "buttonAction5": {
      "chains": [
        {
          "chainId": "SearchTrack"
        }
      ]
    },
    "buttonAction6": {
      "chains": [
        {
          "chainId": "CleanForms"
        }
      ]
    },
    "buttonAction7": {
      "chains": [
        {
          "chainId": "Save"
        }
      ]
    },
    "buttonAction8": {
      "chains": [
        {
          "chainId": "CreateAndNew"
        }
      ]
    },
    "buttonAction9": {
      "chains": [
        {
          "chainId": "SetFile"
        }
      ]
    },
    "hyperlinkClick": {
      "chains": [
        {
          "chainId": "HyperlinkClickChain",
          "parameters": {
            "key": "{{ $current.key }}",
            "index": "{{ $current.index }}",
            "current": "{{ $current }}"
          }
        }
      ]
    },
    "tableFirstSelectedRow": {
      "chains": [
        {
          "chainId": "SelectTrack",
          "parameters": {
            "rowKey": "{{$event.detail.value.key}}",
            "rowData": "{{$event.detail.value.data}}"
          }
        }
      ]
    },
    "tableFirstSelectedRow2": {
      "chains": [
        {
          "chainId": "SelectSearchTable",
          "parameters": {
            "rowKey": "{{$event.detail.value.key}}",
            "rowData": "{{$event.detail.value.data}}"
          }
        }
      ]
    },
    "toggleDrawer": {
      "chains": [
        {
          "chainId": "application:toggleDrawerHandler"
        }
      ]
    },
    "uploadFileSelect": {
      "chains": [
        {
          "chainId": "SelectFile",
          "parameters": {
            "files": "[[ Array.prototype.slice.call($event.detail.files) ]]"
          }
        }
      ]
    },
    "vbEnter": {
      "chains": [
        {
          "parameters": {},
          "chainId": "GET_INITIAL_PROPS"
        }
      ]
    }

  },
  "imports": {
    "components": {
      "oj-button": {
        "path": "ojs/ojbutton"
      },
      "oj-combobox-one": {
        "path": "ojs/ojselectcombobox"
      },
      "oj-dialog": {
        "path": "ojs/ojdialog"
      },
      "oj-file-picker": {
        "path": "ojs/ojfilepicker"
      },
      "oj-highlight-text": {
        "path": "ojs/ojhighlighttext"
      },
      "oj-input-date": {
        "path": "ojs/ojdatetimepicker"
      },
      "oj-input-date-time": {
        "path": "ojs/ojdatetimepicker"
      },
      "oj-input-search": {
        "path": "ojs/ojinputsearch"
      },
      "oj-input-text": {
        "path": "ojs/ojinputtext"
      },
      "oj-menu": {
        "path": "ojs/ojmenu"
      },
      "oj-option": {
        "path": "ojs/ojoption"
      },
      "oj-progress-bar": {
        "path": "ojs/ojprogress-bar"
      },
      "oj-select-single": {
        "path": "ojs/ojselectsingle"
      },
      "oj-table": {
        "path": "ojs/ojtable"
      },
      "oj-text-area": {
        "path": "ojs/ojinputtext"
      },
      "oj-validation-group": {
        "path": "ojs/ojvalidationgroup"
      }

    },
    "modules": {
      "ojValidationDateTime": {
        "path": "ojs/ojvalidation-datetime"
      }
    }
  },
  "security": {
    "access": {
      "requiresAuthentication": false
    }
  }
}